{
  "model_type": "XGBClassifier",
  "n_estimators": 300,
  "max_depth": 5,
  "features": [
    "principal_amount",
    "interest_rate",
    "term_months",
    "collateral_value",
    "outstanding_balance",
    "tpv",
    "equifax_score",
    "last_payment_amount",
    "total_scheduled",
    "origination_fee",
    "days_past_due",
    "ltv_ratio",
    "payment_ratio"
  ],
  "metrics": {
    "auc_roc": 1.0,
    "cv_auc_mean": 1.0,
    "cv_auc_std": 0.0,
    "accuracy": 1.0,
    "precision": 1.0,
    "recall": 1.0,
    "f1_score": 1.0,
    "train_size": 14551,
    "test_size": 3638,
    "n_defaults_train": 307,
    "n_defaults_test": 77,
    "feature_importance": {
      "days_past_due": 0.5604628920555115,
      "ltv_ratio": 0.3777279555797577,
      "outstanding_balance": 0.021663470193743706,
      "interest_rate": 0.009685534983873367,
      "term_months": 0.0090303560718894,
      "last_payment_amount": 0.008130086585879326,
      "principal_amount": 0.005160104483366013,
      "equifax_score": 0.0049900757148861885,
      "origination_fee": 0.0011134541127830744,
      "payment_ratio": 0.0009847352048382163,
      "total_scheduled": 0.00046638716594316065,
      "collateral_value": 0.00038114553899504244,
      "tpv": 0.00020371701975818723
    },
    "classification_report": {
      "0": {
        "precision": 1.0,
        "recall": 1.0,
        "f1-score": 1.0,
        "support": 3561.0
      },
      "1": {
        "precision": 1.0,
        "recall": 1.0,
        "f1-score": 1.0,
        "support": 77.0
      },
      "accuracy": 1.0,
      "macro avg": {
        "precision": 1.0,
        "recall": 1.0,
        "f1-score": 1.0,
        "support": 3638.0
      },
      "weighted avg": {
        "precision": 1.0,
        "recall": 1.0,
        "f1-score": 1.0,
        "support": 3638.0
      }
    }
  }
}
