{
  "model_type": "XGBClassifier",
  "n_estimators": 300,
  "max_depth": 5,
  "features": [
    "principal_amount",
    "interest_rate",
    "term_months",
    "collateral_value",
    "outstanding_balance",
    "tpv",
    "equifax_score",
    "last_payment_amount",
    "total_scheduled",
    "origination_fee",
    "days_past_due",
    "ltv_ratio",
    "payment_ratio"
  ],
  "metrics": {
    "auc_roc": 0.9984,
    "cv_auc_mean": 0.9986,
    "cv_auc_std": 0.0006,
    "accuracy": 0.9915,
    "precision": 0.7255,
    "recall": 0.961,
    "f1_score": 0.8268,
    "train_size": 14551,
    "test_size": 3638,
    "n_defaults_train": 307,
    "n_defaults_test": 77,
    "feature_importance": {
      "ltv_ratio": 0.7681620121002197,
      "outstanding_balance": 0.08975865691900253,
      "payment_ratio": 0.05548010393977165,
      "equifax_score": 0.014686631970107555,
      "interest_rate": 0.01290587056428194,
      "term_months": 0.011856562457978725,
      "principal_amount": 0.010137829929590225,
      "origination_fee": 0.008216026239097118,
      "last_payment_amount": 0.007972675375640392,
      "total_scheduled": 0.0077625177800655365,
      "collateral_value": 0.007526966277509928,
      "tpv": 0.005534209311008453
    },
    "classification_report": {
      "0": {
        "precision": 0.9991515837104072,
        "recall": 0.9921370401572592,
        "f1-score": 0.9956319571649993,
        "support": 3561.0
      },
      "1": {
        "precision": 0.7254901960784313,
        "recall": 0.961038961038961,
        "f1-score": 0.8268156424581006,
        "support": 77.0
      },
      "accuracy": 0.991478834524464,
      "macro avg": {
        "precision": 0.8623208898944192,
        "recall": 0.9765880005981101,
        "f1-score": 0.91122379981155,
        "support": 3638.0
      },
      "weighted avg": {
        "precision": 0.9933594103053325,
        "recall": 0.991478834524464,
        "f1-score": 0.9920588795859913,
        "support": 3638.0
      }
    }
  }
}
